Publisher_ID,Publisher_First_Name,Publisher_Last_Name,Email,Address,Mobile
,,,,,
1,John,Doe,john.doe@example.com,"123 Main St, Anytown, USA.",1234567890
2,Jane,Smith,jane.smith@example.com,"456 Elm St, Othertown, USA.",9876543210
3,Michael,Johnson,michael.johnson@example.com,"789 Oak St, Anycity, USA.",5551234567
4,Sarah,Williams,sarah.williams@example.com,"321 Maple St, Anothercity, USA.",9998887776
5,David,Brown,david.brown@example.com,"567 Pine St, Somewhere, USA.",1112223334
6,Emily,Miller,emily.miller@example.com,"890 Cedar St, Nowhere, USA.",4445556665
7,Daniel,Wilson,daniel.wilson@example.com,"234 Birch St, Anywhere, USA.",7778889998
8,Olivia,Moore,olivia.moore@example.com,"876 Poplar St, Everywhere, USA.",3334445557
9,James,Lee,james.lee@example.com,"543 Oakwood St, Somewhen, USA.",6667778886
10,Sophia,Anderson,sophia.anderson@example.com,"678 Willow St, Elsewhere, USA.",2223334449
11,William,Walker,william.walker@example.com,"987 Cherry St, Noplace, USA.",8889990001
12,Amelia,Harris,amelia.harris@example.com,"456 Juniper St, Anytime, USA.",1112223334
13,Benjamin,Martin,benjamin.martin@example.com,"543 Magnolia St, Here, USA.",4445556667
14,Mia,Thompson,mia.thompson@example.com,"765 Acacia St, There, USA.",7778889990
15,Ethan,Garcia,ethan.garcia@example.com,"234 Pinecone St, Everywhere, USA.",3334445553
16,Isabella,Martinez,isabella.martinez@example.com,"876 Maplewood St, Nowhere, USA.",6667778886
17,Alexander,Robinson,alexander.robinson@example.com,"654 Birchwood St, Somewhere, USA.",2223334449
18,Ava,Clark,ava.clark@example.com,"321 Cedarwood St, Anytown, USA.",8889990002
19,Jackson,Rodriguez,jackson.rodriguez@example.com,"789 Sycamore St, Elsewhere, USA.",1112223335
20,Sofia,Lopez,sofia.lopez@example.com,"876 Oakleaf St, Anytime, USA.",4445556668
21,Jack,Young,jack.young@example.com,"543 Pine St, Anycity, USA.",7778889991
22,Charlotte,Allen,charlotte.allen@example.com,"678 Elm St, Somewhere, USA.",2223334444
23,Aiden,Scott,aiden.scott@example.com,"987 Maple St, Nowhere, USA.",8889990005
24,Zoe,Green,zoe.green@example.com,"456 Oak St, Everywhere, USA.",1112223336
25,Liam,Hill,liam.hill@example.com,"543 Cedar St, Anywhere, USA.",4445556669
26,Grace,Sullivan,grace.sullivan@example.com,"765 Birch St, Everytown, USA.",7778889992
27,Carter,Baker,carter.baker@example.com,"234 Oakwood St, Nowhere, USA.",3334445555
28,Hannah,Gonzalez,hannah.gonzalez@example.com,"876 Willow St, Somewhere, USA.",6667778888
29,Michaela,Carter,michaela.carter@example.com,"987 Cherry St, Anytime, USA.",2223334441
30,Logan,Evans,logan.evans@example.com,"654 Magnolia St, Anywhere, USA.",8889990004
31,Mila,Perez,mila.perez@example.com,"321 Poplar St, Everywhere, USA.",1112223337
32,Mason,Hernandez,mason.hernandez@example.com,"789 Oak St, Elsewhere, USA.",4445556660
33,Addison,King,addison.king@example.com,"876 Pine St, Noplace, USA.",7778889993
34,Willow,Young,willow.young@example.com,"543 Cedar St, Here, USA.",3334445556
35,Lucas,Wright,lucas.wright@example.com,"678 Maple St, There, USA.",6667778889
36,Aria,Adams,aria.adams@example.com,"987 Elm St, Everywhere, USA.",2223334442
37,Grayson,Thomas,grayson.thomas@example.com,"456 Birch St, Nowhere, USA.",8889990007
38,Autumn,Hall,autumn.hall@example.com,"543 Oak St, Somewhere, USA.",1112223338
39,Nolan,Torres,nolan.torres@example.com,"765 Willow St, Anytown, USA.",4445556661
40,Audrey,Garcia,audrey.garcia@example.com,"234 Pine St, Elsewhere, USA.",7778889994
41,Easton,Rivera,easton.rivera@example.com,"876 Cedar St, Anytime, USA.",3334445557
42,Bella,Collins,bella.collins@example.com,"987 Elm St, Anyplace, USA.",6667778880
43,Levi,Turner,levi.turner@example.com,"654 Oak St, Nowhere, USA.",2223334443
44,Ariana,Morales,ariana.morales@example.com,"321 Maple St, Everywhere, USA.",8889990008
45,Elijah,Ortiz,elijah.ortiz@example.com,"789 Willow St, Somewhere, USA.",1112223339
46,Avery,Morales,avery.morales@example.com,"876 Birch St, There, USA.",4445556662
47,Anna,Chavez,anna.chavez@example.com,"543 Pine St, Anywhere, USA.",7778889995
48,Colton,Perkins,colton.perkins@example.com,"678 Cedar St, Everytown, USA.",3334445558
49,Ashley,Watson,ashley.watson@example.com,"987 Maple St, Nowhere, USA.",6667778881
50,Jackson,Gomez,jackson.gomez@example.com,"234 Oak St, Anytime, USA.",2223334444
51,Ellie,Ross,ellie.ross@example.com,"876 Willow St, Anywhere, USA.",8889990009
52,Nathan,Edwards,nathan.edwards@example.com,"543 Cherry St, Anyplace, USA.",1112223330
53,Peyton,Howard,peyton.howard@example.com,"678 Magnolia St, Elsewhere, USA.",4445556663
54,Isaac,Reed,isaac.reed@example.com,"987 Birch St, Everytown, USA.",7778889996
55,Alyssa,Fisher,alyssa.fisher@example.com,"234 Pine St, Anytime, USA.",3334445559
56,Alexa,Nguyen,alexa.nguyen@example.com,"876 Cedar St, Anytown, USA.",6667778882
57,Brayden,White,brayden.white@example.com,"543 Elm St, Somewhere, USA.",2223334445
58,Jordan,Russell,jordan.russell@example.com,"678 Oak St, Nowhere, USA.",8889990010
59,Kaylee,Cole,kaylee.cole@example.com,"987 Willow St, Everywhere, USA.",1112223331
60,Kaiden,Hughes,kaiden.hughes@example.com,"654 Birch St, Anyplace, USA.",4445556664
61,Madeline,Myers,madeline.myers@example.com,"321 Cedar St, Anytime, USA.",7778889997
62,Kingston,Kim,kingston.kim@example.com,"789 Elm St, Anywhere, USA.",3334445560
63,Ayla,Lopez,ayla.lopez@example.com,"876 Oak St, Somewhere, USA.",6667778883
64,Jace,Ward,jace.ward@example.com,"543 Maple St, Nowhere, USA.",2223334446
65,Hazel,Gonzalez,hazel.gonzalez@example.com,"678 Pine St, Everywhere, USA.",8889990011
66,Adrian,Hall,adrian.hall@example.com,"987 Cedar St, Anytown, USA.",1112223332
67,Delilah,Young,delilah.young@example.com,"654 Elm St, Anycity, USA.",4445556665
68,Emmett,Allen,emmett.allen@example.com,"321 Oak St, Somewhere, USA.",7778889998
69,Arianna,Perez,arianna.perez@example.com,"789 Cedar St, Nowhere, USA.",3334445561
70,Kai,King,kai.king@example.com,"876 Maple St, Everytown, USA.",6667778884
71,Lyla,Wright,lyla.wright@example.com,"543 Pine St, Anyplace, USA.",2223334447
72,Axel,Scott,axel.scott@example.com,"678 Birch St, Elsewhere, USA.",8889990012
73,Margaret,Green,margaret.green@example.com,"987 Oak St, Anytime, USA.",1112223333
74,Elias,Baker,elias.baker@example.com,"654 Willow St, Anywhere, USA.",4445556666
75,Summer,Hill,summer.hill@example.com,"321 Magnolia St, Nowhere, USA.",7778889999
76,Finn,Carter,finn.carter@example.com,"789 Juniper St, Somewhere, USA.",3334445562
77,Juliana,Mitchell,juliana.mitchell@example.com,"876 Acacia St, Anycity, USA.",6667778885
78,Beckett,Perez,beckett.perez@example.com,"543 Sycamore St, Everywhere, USA.",2223334448
79,Lincoln,Hernandez,lincoln.hernandez@example.com,"678 Oakwood St, Anytown, USA.",8889990013
80,London,King,london.king@example.com,"987 Pine St, Elsewhere, USA.",1112223334
81,Melody,Morris,melody.morris@example.com,"654 Cedar St, Somewhere, USA.",4445556667
82,Griffin,Flores,griffin.flores@example.com,"321 Maplewood St, Anytime, USA.",7778880000
83,Sienna,Gutierrez,sienna.gutierrez@example.com,"789 Birchwood St, Anywhere, USA.",3334445563
84,Phoenix,Watson,phoenix.watson@example.com,"876 Oakleaf St, Anyplace, USA.",6667778886
85,Sawyer,Andrews,sawyer.andrews@example.com,"543 Poplar St, Somewhere, USA.",2223334449
86,Autumn,Woods,autumn.woods@example.com,"678 Pinecone St, Anytime, USA.",8889990014
87,Charlie,Vargas,charlie.vargas@example.com,"987 Cedarwood St, Anyplace, USA.",1112223335
88,Everly,Nunez,everly.nunez@example.com,"654 Juniper St, Anywhere, USA.",4445556668
89,Ryder,Black,ryder.black@example.com,"321 Oakwood St, Everywhere, USA.",7778880001
90,Eden,Price,eden.price@example.com,"789 Pine St, Anytown, USA.",3334445564


